;img;race;mean;asm;contrast;correlation;variance;idm;entropy;class
0;Newfoundland.90.16.jpg;Newfoundland;85.33989633664778;0.0004231224862393193;1047.1727102910795;0.8361490210115079;2671.872084929795;0.1562878636334389;12.528309724728459;16
1;Newfoundland.90.16.jpg;Newfoundland;85.36846325148551;0.0004231224862393193;1047.1727102910795;0.8361490210115079;2671.872084929795;0.1562878636334389;12.528309724728459;16
